,MACD,Single Line
2021-11-15 09:30:00-05:00,0.0,0.0
2021-11-15 10:30:00-05:00,0.525695279113279,0.1051390558226558
2021-11-15 11:30:00-05:00,0.8545966399991585,0.25503057265795637
2021-11-15 12:30:00-05:00,1.1176180169468353,0.42754806151573216
2021-11-15 13:30:00-05:00,1.0373981550318376,0.5495180802189533
2021-11-15 14:30:00-05:00,3.570095342870559,1.1536335327492746
2021-11-15 15:30:00-05:00,5.1627183106494385,1.9554504883293076
2021-11-16 09:30:00-05:00,8.9538351629634,3.3551274232561266
2021-11-16 10:30:00-05:00,11.735563975686318,5.031214733742165
2021-11-16 11:30:00-05:00,13.647152972576805,6.7544023815090934
2021-11-16 12:30:00-05:00,15.351072919349122,8.4737364890771
2021-11-16 13:30:00-05:00,16.256643672369023,10.030317925735485
2021-11-16 14:30:00-05:00,16.650291596737816,11.354312659935951
2021-11-16 15:30:00-05:00,17.669344751569042,12.61731907826257
2021-11-17 09:30:00-05:00,21.307494213758787,14.355354105361814
2021-11-17 10:30:00-05:00,24.446954551001227,16.3736741944897
2021-11-17 11:30:00-05:00,25.564689607999753,18.21187727719171
2021-11-17 12:30:00-05:00,26.20648654814954,19.810799131383277
2021-11-17 13:30:00-05:00,27.34801090224073,21.31824148555477
2021-11-17 14:30:00-05:00,27.116239527643074,22.47784109397243
2021-11-17 15:30:00-05:00,26.716576633145223,23.32558820180699
2021-11-18 09:30:00-05:00,26.410101080650065,23.942490777575607
2021-11-18 10:30:00-05:00,26.279035014920282,24.409799625044542
2021-11-18 11:30:00-05:00,25.56576842301024,24.64099338463768
2021-11-18 12:30:00-05:00,23.850146317244935,24.48282397115913
2021-11-18 13:30:00-05:00,22.019531543888434,23.990165485704992
2021-11-18 14:30:00-05:00,21.621088141720065,23.516350016908007
2021-11-18 15:30:00-05:00,21.00188592072459,23.013457197671325
2021-11-19 09:30:00-05:00,20.464880684113496,22.50374189495976
2021-11-19 10:30:00-05:00,20.39725491089939,22.082444498147687
2021-11-19 11:30:00-05:00,20.12020865396562,21.689997329311275
2021-11-19 12:30:00-05:00,20.311636881910545,21.41432523983113
2021-11-19 13:30:00-05:00,20.990365136898845,21.329533219244674
2021-11-19 14:30:00-05:00,22.403727463855375,21.544372068166815
2021-11-19 15:30:00-05:00,23.205492687043034,21.87659619194206
2021-11-22 09:30:00-05:00,27.596099293178213,23.020496812189293
2021-11-22 10:30:00-05:00,30.43037774309437,24.50247299837031
2021-11-22 11:30:00-05:00,31.176339293410365,25.837246257378318
2021-11-22 12:30:00-05:00,32.496646192290655,27.169126244360786
2021-11-22 13:30:00-05:00,32.24655760588871,28.18461251666637
2021-11-22 14:30:00-05:00,32.07960201615492,28.96361041656408
2021-11-22 15:30:00-05:00,29.91199566842306,29.15328746693588
2021-11-23 09:30:00-05:00,27.046890717781935,28.732008117105092
2021-11-23 10:30:00-05:00,22.87566642980846,27.560739779645765
2021-11-23 11:30:00-05:00,18.60903011951814,25.77039784762024
2021-11-23 12:30:00-05:00,12.13674843452418,23.04366796500103
2021-11-23 13:30:00-05:00,6.194597537304844,19.673853879461795
2021-11-23 14:30:00-05:00,3.181975218901698,16.375478147349774
2021-11-23 15:30:00-05:00,2.1359423569922455,13.527570989278269
2021-11-24 09:30:00-05:00,1.5217939589779235,11.1264155832182
2021-11-24 10:30:00-05:00,1.9318863375144701,9.287509734077455
2021-11-24 11:30:00-05:00,1.3720211291742999,7.704412013096824
2021-11-24 12:30:00-05:00,1.8641909864634272,6.536367807770144
2021-11-24 13:30:00-05:00,1.9002397910285254,5.609142204421821
2021-11-24 14:30:00-05:00,2.5175829878699005,4.990830361111437
2021-11-24 15:30:00-05:00,2.0260710807967826,4.397878505048506
2021-11-26 09:30:00-05:00,0.548946458682849,3.6280920957753744
2021-11-26 10:30:00-05:00,-1.3544789616621529,2.631577884287869
2021-11-26 11:30:00-05:00,-2.9420138857133225,1.516859530287631
2021-11-26 13:00:00-05:00,-4.774907197614766,0.2585061847071517
2021-11-29 09:30:00-05:00,-2.9428988641427622,-0.3817748250628311
2021-11-29 10:30:00-05:00,-0.744510163184259,-0.4543218926871167
2021-11-29 11:30:00-05:00,0.9117670242553686,-0.18110410929861967
2021-11-29 12:30:00-05:00,2.141196773664433,0.2833560672939909
2021-11-29 13:30:00-05:00,2.6137586377822117,0.749436581391635
2021-11-29 14:30:00-05:00,3.572826383829579,1.314114541879224
2021-11-29 15:30:00-05:00,4.549173763021599,1.9611263861076993
2021-11-30 09:30:00-05:00,7.327576168668202,3.0344163426198
2021-11-30 10:30:00-05:00,6.894496756729495,3.806432425441739
2021-11-30 11:30:00-05:00,6.485792771693468,4.342304494692085
2021-11-30 12:30:00-05:00,5.70719326420658,4.615282248594984
2021-11-30 13:30:00-05:00,5.991381896800476,4.890502178236083
2021-11-30 14:30:00-05:00,5.749294052608775,5.062260553110622
2021-11-30 15:30:00-05:00,6.401113226164398,5.330031087721378
2021-12-01 09:30:00-05:00,7.215372484029331,5.707099366982968
2021-12-01 10:30:00-05:00,8.340672245092037,6.233813942604782
2021-12-01 11:30:00-05:00,8.506637843380986,6.688378722760023
2021-12-01 12:30:00-05:00,7.99886909079828,6.950476796367675
2021-12-01 13:30:00-05:00,6.578955427483606,6.876172522590862
2021-12-01 14:30:00-05:00,3.433105153099177,6.187559048692525
2021-12-01 15:30:00-05:00,-0.010433497557869487,4.947960539442446
2021-12-02 09:30:00-05:00,-4.07872261686839,3.142623908180279
2021-12-02 10:30:00-05:00,-5.584319817275627,1.3972351630890978
2021-12-02 11:30:00-05:00,-6.756973278544592,-0.23360652523764025
2021-12-02 12:30:00-05:00,-9.308177850705533,-2.048520790331219
2021-12-02 13:30:00-05:00,-10.49733302966979,-3.7382832381989335
2021-12-02 14:30:00-05:00,-11.773639070186846,-5.345354404596517
2021-12-02 15:30:00-05:00,-12.150418181704481,-6.70636716001811
2021-12-03 09:30:00-05:00,-15.134286495815786,-8.391951027177646
2021-12-03 10:30:00-05:00,-19.088877117941365,-10.53133624533039
2021-12-03 11:30:00-05:00,-22.630181200349625,-12.95110523633424
2021-12-03 12:30:00-05:00,-24.498265989928314,-15.260537387053056
2021-12-03 13:30:00-05:00,-26.026899384611625,-17.41380978656477
2021-12-03 14:30:00-05:00,-27.334385067435733,-19.397924842738963
2021-12-03 15:30:00-05:00,-28.203615633694653,-21.1590630009301
2021-12-06 09:30:00-05:00,-30.380438321725705,-23.003338065089224
2021-12-06 10:30:00-05:00,-32.83576822063014,-24.96982409619741
2021-12-06 11:30:00-05:00,-33.40487557823485,-26.6568343926049
2021-12-06 12:30:00-05:00,-31.82597854167932,-27.690663222419786
2021-12-06 13:30:00-05:00,-29.653011896155363,-28.083132957166903
2021-12-06 14:30:00-05:00,-28.45070307953165,-28.156646981639852
2021-12-06 15:30:00-05:00,-27.17093881065989,-27.95950534744386
2021-12-07 09:30:00-05:00,-22.849877102251867,-26.93757969840546
2021-12-07 10:30:00-05:00,-20.190715294196593,-25.588206817563687
2021-12-07 11:30:00-05:00,-16.978053827534723,-23.866176219557897
2021-12-07 12:30:00-05:00,-14.217671723141393,-21.936475320274596
2021-12-07 13:30:00-05:00,-11.221669274848637,-19.793514111189406
2021-12-07 14:30:00-05:00,-9.577720215272848,-17.750355332006094
2021-12-07 15:30:00-05:00,-7.533627730691023,-15.707009811743081
2021-12-08 09:30:00-05:00,-6.837838960761701,-13.933175641546807
2021-12-08 10:30:00-05:00,-5.581395579141599,-12.262819629065767
2021-12-08 11:30:00-05:00,-4.5222277090038006,-10.714701245053375
2021-12-08 12:30:00-05:00,-2.078244511090361,-8.987409898260772
2021-12-08 13:30:00-05:00,-0.6184598054226171,-7.313619879693141
2021-12-08 14:30:00-05:00,1.2951049105647598,-5.59187492164156
2021-12-08 15:30:00-05:00,2.5865255566773158,-3.9561948259777857
2021-12-09 09:30:00-05:00,1.0667957814403053,-2.9515967044941673
2021-12-09 10:30:00-05:00,-0.16945305065655702,-2.3951679737266454
2021-12-09 11:30:00-05:00,-1.5920753335954032,-2.234549445700397
2021-12-09 12:30:00-05:00,-3.345843290963785,-2.4568082147530745
2021-12-09 13:30:00-05:00,-5.066650005805059,-2.978776572963471
2021-12-09 14:30:00-05:00,-7.340307781789761,-3.8510828147287293
2021-12-09 15:30:00-05:00,-9.180808496942518,-4.917027951171487
2021-12-10 09:30:00-05:00,-10.844456193767428,-6.102513599690676
2021-12-10 10:30:00-05:00,-11.492202445704606,-7.180451368893463
2021-12-10 11:30:00-05:00,-11.311923119137191,-8.00674571894221
2021-12-10 12:30:00-05:00,-10.634790970317567,-8.532354769217282
2021-12-10 13:30:00-05:00,-10.327832428533839,-8.891450301080592
2021-12-10 14:30:00-05:00,-9.818077718237532,-9.07677578451198
2021-12-10 15:30:00-05:00,-9.22464274240565,-9.106349176090715
2021-12-13 09:30:00-05:00,-12.387110535688407,-9.762501448010255
2021-12-13 10:30:00-05:00,-15.4751203119813,-10.905025220804465
2021-12-13 11:30:00-05:00,-17.278606473746322,-12.179741471392838
2021-12-13 12:30:00-05:00,-18.956959981126147,-13.5351851733395
2021-12-13 13:30:00-05:00,-19.76190592128455,-14.780529322928512
2021-12-13 14:30:00-05:00,-19.864231475768975,-15.797269753496606
2021-12-13 15:30:00-05:00,-19.85364157086019,-16.608544116969323
2021-12-14 09:30:00-05:00,-20.579945648783337,-17.402824423332127
2021-12-14 10:30:00-05:00,-21.91599588740337,-18.305458716146376
2021-12-14 11:30:00-05:00,-23.169127503657705,-19.278192473648645
2021-12-14 12:30:00-05:00,-23.78024659109269,-20.178603297137457
2021-12-14 13:30:00-05:00,-23.551059739309153,-20.853094585571796
2021-12-14 14:30:00-05:00,-21.331116418455736,-20.948698952148586
2021-12-14 15:30:00-05:00,-19.852924806314263,-20.72954412298172
2021-12-15 09:30:00-05:00,-19.377956974489734,-20.459226693283327
2021-12-15 10:30:00-05:00,-19.26855956861459,-20.22109326834958
2021-12-15 11:30:00-05:00,-19.174925505537203,-20.011859715787107
2021-12-15 12:30:00-05:00,-18.957624777057163,-19.80101272804112
2021-12-15 13:30:00-05:00,-17.973841512091894,-19.435578484851277
2021-12-15 14:30:00-05:00,-14.609066282146841,-18.47027604431039
2021-12-15 15:30:00-05:00,-11.713029316768484,-17.11882669880201
2021-12-16 09:30:00-05:00,-10.302139038066798,-15.75548916665497
2021-12-16 10:30:00-05:00,-10.674778973123239,-14.739347127948625
2021-12-16 11:30:00-05:00,-11.270269983845878,-14.045531699128077
2021-12-16 12:30:00-05:00,-11.286099457575006,-13.493645250817464
2021-12-16 13:30:00-05:00,-11.884639667533065,-13.171844134160585
2021-12-16 14:30:00-05:00,-12.314679645514389,-13.000411236431347
2021-12-16 15:30:00-05:00,-12.935655373266286,-12.987460063798336
2021-12-17 09:30:00-05:00,-13.084892264865175,-13.006946504011704
2021-12-17 10:30:00-05:00,-11.095099958167225,-12.624577194842809
2021-12-17 11:30:00-05:00,-10.134037833782486,-12.126469322630745
2021-12-17 12:30:00-05:00,-9.041421972866488,-11.509459852677894
2021-12-17 13:30:00-05:00,-7.8309615115872475,-10.773760184459766
2021-12-17 14:30:00-05:00,-7.670149951291705,-10.153038137826154
2021-12-17 15:30:00-05:00,-8.12523928984524,-9.747478368229974
2021-12-20 09:30:00-05:00,-10.392977191614477,-9.876578132906875
2021-12-20 10:30:00-05:00,-12.41990043146859,-10.38524259261922
2021-12-20 11:30:00-05:00,-13.53769910984181,-11.015733896063738
2021-12-20 12:30:00-05:00,-14.603452070901653,-11.733277531031321
2021-12-20 13:30:00-05:00,-15.512536589887645,-12.489129342802586
2021-12-20 14:30:00-05:00,-15.681855001218992,-13.127674474485868
2021-12-20 15:30:00-05:00,-15.850383498330643,-13.672216279254824
2021-12-21 09:30:00-05:00,-16.256487303244853,-14.18907048405283
2021-12-21 10:30:00-05:00,-16.10381040762786,-14.572018468767839
2021-12-21 11:30:00-05:00,-14.92318941060114,-14.6422526571345
2021-12-21 12:30:00-05:00,-12.913946826386905,-14.296591490984984
2021-12-21 13:30:00-05:00,-10.37718665479133,-13.512710523746254
2021-12-21 14:30:00-05:00,-8.350542994770308,-12.480277017951066
2021-12-21 15:30:00-05:00,-5.9687496844503585,-11.177971551250925
2021-12-22 09:30:00-05:00,-0.557395003367219,-9.053856241674184
2021-12-22 10:30:00-05:00,5.984869336595807,-6.046111126020187
2021-12-22 11:30:00-05:00,10.533824368343403,-2.730124027147469
2021-12-22 12:30:00-05:00,13.252651414749266,0.4664310612318783
2021-12-22 13:30:00-05:00,15.185490028957247,3.410242854776952
2021-12-22 14:30:00-05:00,17.105914337301556,6.149377151281874
2021-12-22 15:30:00-05:00,18.9428733609177,8.70807639320904
2021-12-23 09:30:00-05:00,21.962048907803705,11.358870896127975
2021-12-23 10:30:00-05:00,25.311340501233076,14.149364817148996
2021-12-23 11:30:00-05:00,28.59964974607101,17.0394218029334
2021-12-23 12:30:00-05:00,31.53701124109216,19.938939690565153
2021-12-23 13:30:00-05:00,33.52469542176584,22.65609083680529
2021-12-23 14:30:00-05:00,34.010718093680225,24.92701628818028
2021-12-23 15:30:00-05:00,34.67081197472146,26.875775425488516
2021-12-27 09:30:00-05:00,38.097910028977026,29.12020234618622
2021-12-27 10:30:00-05:00,40.139596929683876,31.32408126288575
2021-12-27 11:30:00-05:00,41.84106856823644,33.427478723955886
2021-12-27 12:30:00-05:00,42.62873549242863,35.26773007765044
2021-12-27 13:30:00-05:00,42.369375252922055,36.688059112704764
2021-12-27 14:30:00-05:00,40.65566163201447,37.481579616566705
2021-12-27 15:30:00-05:00,38.78427756836754,37.74211920692687
2021-12-28 09:30:00-05:00,36.53907231428593,37.50150982839869
2021-12-28 10:30:00-05:00,34.09070676343572,36.8193492154061
2021-12-28 11:30:00-05:00,32.614354950472716,35.97835036241943
2021-12-28 12:30:00-05:00,30.694448187408625,34.921569927417266
2021-12-28 13:30:00-05:00,28.70922682140531,33.679101306214875
2021-12-28 14:30:00-05:00,27.226342178957793,32.38854948076346
2021-12-28 15:30:00-05:00,25.26047202872246,30.96293399035526
2021-12-29 09:30:00-05:00,22.23063003782613,29.216473199849435
2021-12-29 10:30:00-05:00,20.03065962608025,27.379310485095598
2021-12-29 11:30:00-05:00,17.803011361701465,25.464050660416774
2021-12-29 12:30:00-05:00,16.59803788806971,23.690848105947364
2021-12-29 13:30:00-05:00,16.135062145314123,22.179690913820718
2021-12-29 14:30:00-05:00,14.960494827307684,20.73585169651811
2021-12-29 15:30:00-05:00,13.87215530751132,19.363112418716753
2021-12-30 09:30:00-05:00,12.610894910558727,18.01266891708515
2021-12-30 10:30:00-05:00,11.412787234567531,16.692692580581628
2021-12-30 11:30:00-05:00,11.228718006936788,15.599897665852662
2021-12-30 12:30:00-05:00,10.706864364839475,14.621291005650026
2021-12-30 13:30:00-05:00,9.761772211691778,13.649387246858376
2021-12-30 14:30:00-05:00,8.444398665947801,12.608389530676263
2021-12-30 15:30:00-05:00,6.662697534645304,11.419251131470071
2021-12-31 09:30:00-05:00,5.086012483906643,10.152603401957386
2021-12-31 10:30:00-05:00,4.290865756303447,8.980255872826598
2021-12-31 11:30:00-05:00,3.046230716264745,7.793450841514228
2021-12-31 12:30:00-05:00,2.013247141743477,6.637410101560079
2021-12-31 13:30:00-05:00,0.8291889406277733,5.475765869373618
2021-12-31 14:30:00-05:00,-0.09836917272855317,4.360938860953184
2021-12-31 15:30:00-05:00,-1.3233414744936454,3.224082793863819
2022-01-03 09:30:00-05:00,5.291605514306184,3.637587337952292
2022-01-03 10:30:00-05:00,11.517275352323395,5.213524940826513
2022-01-03 11:30:00-05:00,16.35654559176919,7.442129071015049
2022-01-03 12:30:00-05:00,20.65242619151786,10.084188495115612
2022-01-03 13:30:00-05:00,24.583382775409746,12.984027351174438
2022-01-03 14:30:00-05:00,27.93059620071199,15.97334112108195
2022-01-03 15:30:00-05:00,30.800340787960067,18.938741054457573
2022-01-04 09:30:00-05:00,31.688596385531582,21.488712120672375
2022-01-04 10:30:00-05:00,27.821430546525335,22.75525580584297
2022-01-04 11:30:00-05:00,26.21873295320188,23.447951235314754
2022-01-04 12:30:00-05:00,25.036798601416194,23.765720708535046
2022-01-04 13:30:00-05:00,22.249496026923907,23.46247577221282
2022-01-04 14:30:00-05:00,20.65024043825065,22.900028705420386
2022-01-04 15:30:00-05:00,19.003984877671883,22.120819939870685
2022-01-05 09:30:00-05:00,18.248271881550636,21.346310328206677
2022-01-05 10:30:00-05:00,16.738258077979935,20.424699878161327
2022-01-05 11:30:00-05:00,14.818811151305908,19.303522132790246
2022-01-05 12:30:00-05:00,12.687406167144673,17.980298939661132
2022-01-05 13:30:00-05:00,9.701273468158433,16.324493845360593
2022-01-05 14:30:00-05:00,4.285020284842858,13.916599133257046
2022-01-05 15:30:00-05:00,0.14744783695846309,11.16276887399733
2022-01-06 09:30:00-05:00,-6.745502682941151,7.581114562609635
2022-01-06 10:30:00-05:00,-10.531092369257067,3.958673176236295
2022-01-06 11:30:00-05:00,-13.183001260488936,0.5303382888912487
2022-01-06 12:30:00-05:00,-15.355516091462732,-2.6468325871795475
2022-01-06 13:30:00-05:00,-16.63614421449188,-5.444694912642014
2022-01-06 14:30:00-05:00,-16.585961791343834,-7.672948288382378
2022-01-06 15:30:00-05:00,-17.133821784399743,-9.565122987585852
2022-01-07 09:30:00-05:00,-18.58431407210378,-11.368961204489437
2022-01-07 10:30:00-05:00,-20.334085311025092,-13.161986025796569
2022-01-07 11:30:00-05:00,-21.848702218761673,-14.899329264389591
2022-01-07 12:30:00-05:00,-23.298520085488917,-16.579167428609455
2022-01-07 13:30:00-05:00,-25.044802951964584,-18.27229453328048
2022-01-07 14:30:00-05:00,-25.77816033018189,-19.773467692660763
2022-01-07 15:30:00-05:00,-25.618616429367194,-20.94249744000205
2022-01-10 09:30:00-05:00,-26.247483268075484,-22.003494605616737
2022-01-10 10:30:00-05:00,-25.360956381485266,-22.674986960790445
2022-01-10 11:30:00-05:00,-25.68004484357357,-23.27599853734707
2022-01-10 12:30:00-05:00,-24.808559765350765,-23.58251078294781
2022-01-10 13:30:00-05:00,-22.717470804050436,-23.409502787168336
2022-01-10 14:30:00-05:00,-20.192965173052926,-22.766195264345253
2022-01-10 15:30:00-05:00,-16.795844582781456,-21.572125128032496
2022-01-11 09:30:00-05:00,-13.505328541472181,-19.958765810720433
2022-01-11 10:30:00-05:00,-10.623809380429748,-18.091774524662295
2022-01-11 11:30:00-05:00,-9.105163104800567,-16.29445224068995
2022-01-11 12:30:00-05:00,-7.265063280374534,-14.488574448626867
2022-01-11 13:30:00-05:00,-6.061846996112081,-12.80322895812391
2022-01-11 14:30:00-05:00,-5.00643046592927,-11.243869259684983
2022-01-11 15:30:00-05:00,-3.6294880967834615,-9.72099302710468
2022-01-12 09:30:00-05:00,0.21529231408476335,-7.733735958866791
2022-01-12 10:30:00-05:00,2.5841597975638706,-5.670156807580659
2022-01-12 11:30:00-05:00,4.640404969886504,-3.608044452087226
2022-01-12 12:30:00-05:00,6.6069738182923174,-1.5650407980113175
2022-01-12 13:30:00-05:00,8.79126485882216,0.5062203333553781
2022-01-12 14:30:00-05:00,10.49806333680749,2.5045889340458007
2022-01-12 15:30:00-05:00,11.568086162142208,4.317288379665083
2022-01-13 09:30:00-05:00,11.599597821614225,5.773750268054911
2022-01-13 10:30:00-05:00,10.11721693060531,6.642443600564992
2022-01-13 11:30:00-05:00,7.046964027471859,6.723347685946366
2022-01-13 12:30:00-05:00,4.788945413859665,6.336467231529026
2022-01-13 13:30:00-05:00,2.765886124529061,5.622351010129033
2022-01-13 14:30:00-05:00,0.08553209852743748,4.514987227808714
2022-01-13 15:30:00-05:00,-3.140842693354898,2.983821243575991
2022-01-14 09:30:00-05:00,-4.779444316290892,1.4311681316026146
2022-01-14 10:30:00-05:00,-6.3824511079888,-0.13155571631566843
2022-01-14 11:30:00-05:00,-7.535787259174413,-1.6124020248874174
2022-01-14 12:30:00-05:00,-9.431241863097284,-3.176169992529391
2022-01-14 13:30:00-05:00,-10.457008505818294,-4.6323376951871715
2022-01-14 14:30:00-05:00,-9.799741544653898,-5.665818465080517
2022-01-14 15:30:00-05:00,-8.840457752723523,-6.300746322609119
2022-01-18 09:30:00-05:00,-6.8027242380924235,-6.401141905705781
2022-01-18 10:30:00-05:00,-6.8892217557890945,-6.498757875722443
2022-01-18 11:30:00-05:00,-6.729950111913695,-6.544996322960694
2022-01-18 12:30:00-05:00,-7.321594602616187,-6.700315978891793
2022-01-18 13:30:00-05:00,-7.136904201000107,-6.7876336233134555
2022-01-18 14:30:00-05:00,-6.951556041994536,-6.820418107049672
2022-01-18 15:30:00-05:00,-7.576694833160673,-6.971673452271872
2022-01-19 09:30:00-05:00,-8.500257092652646,-7.277390180348028
2022-01-19 10:30:00-05:00,-10.6936918082572,-7.960650505929863
2022-01-19 11:30:00-05:00,-10.639392023790151,-8.49639880950192
2022-01-19 12:30:00-05:00,-11.603303673998653,-9.117779782401268
2022-01-19 13:30:00-05:00,-12.91144500248538,-9.876512826418091
2022-01-19 14:30:00-05:00,-13.842653879387626,-10.669741037011999
2022-01-19 15:30:00-05:00,-14.90348081205127,-11.516488992019854
2022-01-20 09:30:00-05:00,-13.103007573847663,-11.833792708385415
2022-01-20 10:30:00-05:00,-10.92961574998344,-11.65295731670502
2022-01-20 11:30:00-05:00,-8.911605423149012,-11.10468693799382
2022-01-20 12:30:00-05:00,-7.713198683894689,-10.426389287173995
2022-01-20 13:30:00-05:00,-7.506284706021006,-9.842368370943397
2022-01-20 14:30:00-05:00,-8.551889010894683,-9.584272498933654
2022-01-20 15:30:00-05:00,-9.889465619200678,-9.64531112298706
2022-01-21 09:30:00-05:00,-13.484867767423225,-10.413222451874294
2022-01-21 10:30:00-05:00,-14.580050550331748,-11.246588071565785
2022-01-21 11:30:00-05:00,-17.10351402136564,-12.417973261525757
2022-01-21 12:30:00-05:00,-19.123997684147184,-13.759178146050044
2022-01-21 13:30:00-05:00,-20.727772904847598,-15.152897097809554
2022-01-21 14:30:00-05:00,-22.371896264253223,-16.59669693109829
2022-01-21 15:30:00-05:00,-23.626046935633553,-18.002566932005344
2022-01-24 09:30:00-05:00,-29.728792692211755,-20.347812084046627
2022-01-24 10:30:00-05:00,-33.74386700607272,-23.027023068451847
2022-01-24 11:30:00-05:00,-38.053331030529534,-26.032284660867386
2022-01-24 12:30:00-05:00,-39.16151628077989,-28.658130984849887
2022-01-24 13:30:00-05:00,-39.64824336573906,-30.856153461027723
2022-01-24 14:30:00-05:00,-38.3735883407503,-32.35964043697224
2022-01-24 15:30:00-05:00,-34.42559913335049,-32.772832176247896
2022-01-25 09:30:00-05:00,-31.28474664477426,-32.47521506995317
2022-01-25 10:30:00-05:00,-29.329779438800188,-31.84612794372258
2022-01-25 11:30:00-05:00,-27.867514003593556,-31.050405155696776
2022-01-25 12:30:00-05:00,-25.56667910132535,-29.953659944822494
2022-01-25 13:30:00-05:00,-21.531816443078355,-28.269291244473667
2022-01-25 14:30:00-05:00,-19.493315550780835,-26.514096105735103
2022-01-25 15:30:00-05:00,-18.40954965933497,-24.893186816455078
2022-01-26 09:30:00-05:00,-14.957088247643469,-22.905967102692756
2022-01-26 10:30:00-05:00,-12.001550729295559,-20.725083828013318
2022-01-26 11:30:00-05:00,-9.063374739506571,-18.39274201031197
2022-01-26 12:30:00-05:00,-6.393254792987591,-15.992844566847095
2022-01-26 13:30:00-05:00,-3.329389974356104,-13.460153648348896
2022-01-26 14:30:00-05:00,-3.37671426471627,-11.443465771622373
2022-01-26 15:30:00-05:00,-3.4199535824500344,-9.838763333787906
2022-01-27 09:30:00-05:00,-8.764372185548723,-9.62388510414007
2022-01-27 10:30:00-05:00,-13.310405311218119,-10.36118914555568
2022-01-27 11:30:00-05:00,-17.10572715403805,-11.710096747252155
2022-01-27 12:30:00-05:00,-20.35658219575805,-13.439393836953336
2022-01-27 13:30:00-05:00,-22.897320902896467,-15.330979250141963
2022-01-27 14:30:00-05:00,-25.837929608803393,-17.43236932187425
2022-01-27 15:30:00-05:00,-28.443271077113195,-19.63454967292204
2022-01-28 09:30:00-05:00,-30.57118134227119,-21.82187600679187
2022-01-28 10:30:00-05:00,-29.893260479698142,-23.436152901373127
2022-01-28 11:30:00-05:00,-29.676392491401884,-24.68420081937888
2022-01-28 12:30:00-05:00,-29.69717844573711,-25.686796344650528
2022-01-28 13:30:00-05:00,-30.65936289036813,-26.68130965379405
2022-01-28 14:30:00-05:00,-30.24270078435734,-27.393587879906708
2022-01-28 15:30:00-05:00,-28.155918456339805,-27.54605399519333
2022-01-31 09:30:00-05:00,-21.713728882001533,-26.37958897255497
2022-01-31 10:30:00-05:00,-15.22718438960726,-24.14910805596543
2022-01-31 11:30:00-05:00,-10.090464314381279,-21.3373793076486
2022-01-31 12:30:00-05:00,-5.4739420036414685,-18.164691846847177
2022-01-31 13:30:00-05:00,-0.7603267493700514,-14.683818827351754
2022-01-31 14:30:00-05:00,2.145163991282402,-11.318022263624924
2022-01-31 15:30:00-05:00,5.34359425987725,-7.98569895892449
2022-02-01 09:30:00-05:00,6.7651141126078755,-5.035536344618017
2022-02-01 10:30:00-05:00,8.763796262725123,-2.2756698231493897
2022-02-01 11:30:00-05:00,9.738580595382018,0.1271802605568917
2022-02-01 12:30:00-05:00,10.666392989538963,2.235022806353306
2022-02-01 13:30:00-05:00,10.29087806707821,3.846193858498287
2022-02-01 14:30:00-05:00,10.702333093098446,5.217421705418319
2022-02-01 15:30:00-05:00,10.869231321869847,6.3477836287086244
2022-02-02 09:30:00-05:00,9.654017312030874,7.009030365373075
2022-02-02 10:30:00-05:00,7.443987875819857,7.096021867462432
2022-02-02 11:30:00-05:00,5.716197401125896,6.820056974195125
2022-02-02 12:30:00-05:00,4.620454372756058,6.380136453907312
2022-02-02 13:30:00-05:00,3.4213305860870378,5.788375280343257
2022-02-02 14:30:00-05:00,2.6191546645941344,5.154531157193433
2022-02-02 15:30:00-05:00,2.0126751390239406,4.526159953559534
2022-02-03 09:30:00-05:00,3.1155980051374854,4.2440475638751245
2022-02-03 10:30:00-05:00,4.141235802470192,4.223485211594138
2022-02-03 11:30:00-05:00,3.703633143443426,4.119514797963996
2022-02-03 12:30:00-05:00,3.433238038671675,3.982259446105532
2022-02-03 13:30:00-05:00,2.284828904862934,3.6427733378570126
2022-02-03 14:30:00-05:00,1.1564306307496963,3.1455047964355494
2022-02-03 15:30:00-05:00,-0.4800466046433485,2.42039451621977
2022-02-04 09:30:00-05:00,-0.5117430650745973,1.8339669999608967
2022-02-04 10:30:00-05:00,-1.0229418822456182,1.2625852235195938
2022-02-04 11:30:00-05:00,-0.9267709725838813,0.8247139842988989
2022-02-04 12:30:00-05:00,0.6552638444136392,0.790823956321847
2022-02-04 13:30:00-05:00,1.9120164367830057,1.0150624524140788
2022-02-04 14:30:00-05:00,3.2358182994470326,1.4592136218206697
2022-02-04 15:30:00-05:00,3.609097331374869,1.8891903637315095
2022-02-07 09:30:00-05:00,4.2313652175528205,2.357625334495772
2022-02-07 10:30:00-05:00,3.991815173083296,2.6844633022132767
2022-02-07 11:30:00-05:00,3.1212646047529233,2.771823562721206
2022-02-07 12:30:00-05:00,3.0513882474064076,2.8277364996582466
2022-02-07 13:30:00-05:00,2.9642636578125803,2.8550419312891133
2022-02-07 14:30:00-05:00,2.629270284047834,2.809887601840858
2022-02-07 15:30:00-05:00,1.6268939120315054,2.5732888638789877
2022-02-08 09:30:00-05:00,0.3928925826169234,2.137209607626575
2022-02-08 10:30:00-05:00,0.5146344184945519,1.8126945698001706
2022-02-08 11:30:00-05:00,0.873786307085652,1.624912917257267
2022-02-08 12:30:00-05:00,1.4399689857978046,1.5879241309653747
2022-02-08 13:30:00-05:00,1.3235025822174293,1.5350398212157856
2022-02-08 14:30:00-05:00,1.6551192638385146,1.5590557097403315
2022-02-08 15:30:00-05:00,1.9184047958003703,1.6309255269523393
2022-02-09 09:30:00-05:00,2.578317377477788,1.820403897057429
2022-02-09 10:30:00-05:00,3.442000228434381,2.144723163332819
2022-02-09 11:30:00-05:00,3.8445544760464827,2.484689425875552
2022-02-09 12:30:00-05:00,4.690060009883041,2.92576354267705
2022-02-09 13:30:00-05:00,5.155884836627706,3.3717878014671814
2022-02-09 14:30:00-05:00,5.311320386063699,3.759694318386485
2022-02-09 15:30:00-05:00,5.299183557192691,4.067592166147726
2022-02-10 09:30:00-05:00,5.440283798522273,4.342130492622636
2022-02-10 10:30:00-05:00,5.326895225471162,4.539083439192341
2022-02-10 11:30:00-05:00,5.217861924927206,4.6748391363393145
2022-02-10 12:30:00-05:00,3.629675994444824,4.465806507960417
2022-02-10 13:30:00-05:00,2.2155702004605473,4.015759246460443
2022-02-10 14:30:00-05:00,0.61494067341971,3.335595531852297
2022-02-10 15:30:00-05:00,-0.8854379095713512,2.4913888435675675
2022-02-11 09:30:00-05:00,-3.028167959019015,1.387477483050251
2022-02-11 10:30:00-05:00,-5.1485707589554295,0.0802678346491148
2022-02-11 11:30:00-05:00,-6.450157137810038,-1.2258171598427159
2022-02-11 12:30:00-05:00,-8.106668335306495,-2.6019873949354717
2022-02-11 13:30:00-05:00,-10.763973884500729,-4.234384692848523
2022-02-11 14:30:00-05:00,-13.14364248098343,-6.0162362504755045
2022-02-11 15:30:00-05:00,-14.730631850550708,-7.759115370490546
2022-02-14 09:30:00-05:00,-14.509034345682721,-9.109099165528981
2022-02-14 10:30:00-05:00,-12.498053270265586,-9.786889986476304
2022-02-14 11:30:00-05:00,-11.109529418123088,-10.051417872805661
2022-02-14 12:30:00-05:00,-10.831573718837717,-10.207449042012072
2022-02-14 13:30:00-05:00,-11.260961570313498,-10.418151547672359
2022-02-14 14:30:00-05:00,-11.319074607794619,-10.59833615969681
2022-02-14 15:30:00-05:00,-11.005868482886854,-10.67984262433482
2022-02-15 09:30:00-05:00,-7.506348745529408,-10.045143848573737
2022-02-15 10:25:00-05:00,-4.677469031037617,-8.971608885066512
2022-02-15 11:25:01-05:00,-1.960812399834822,-7.485798836783372
2022-02-15 12:25:01-05:00,-0.5981730631048094,-6.16458665491572
2022-02-15 13:24:57-05:00,1.3900617224097687,-4.590665456832068
2022-02-15 14:25:02-05:00,2.410856582209135,-3.217669338551714
2022-02-15 15:25:00-05:00,3.250030233598409,-1.917424130536491
2022-02-16 10:25:00-05:00,3.332447114719571,0.0656799806790942
2022-02-16 11:25:00-05:00,3.2926953965452412,0.7252254410702533
2022-02-17 10:25:01-05:00,3.18127794102827,3.2359196415941556
2022-02-17 11:25:00-05:00,1.1277018499383757,2.6215044665933793
2022-02-17 12:25:00-05:00,-0.532765920407428,1.9385383259414417
2022-02-17 13:24:59-05:00,-2.7682783993182056,0.8968957859661761
2022-02-17 14:24:55-05:00,-4.405578786151409,-0.17899597569530135
2022-02-17 15:25:00-05:00,-5.299514727093992,-1.1672314406755233
2022-02-18 10:25:00-05:00,-9.58579645713155,-3.9725255158104362
2022-02-18 11:25:01-05:00,-12.375888499466555,-5.829407271317297
2022-02-18 12:25:01-05:00,-13.457100489115987,-7.34359136925646
2022-02-18 13:25:00-05:00,-15.349412744245456,-9.051401531107876
2022-02-18 14:25:00-05:00,-14.88927938554707,-10.12907201587124
2022-02-18 15:25:02-05:00,-14.030940901673262,-10.748125063656987
2022-02-18 15:30:00-05:00,-14.040525923526502,-10.766576077999128
2022-02-18 15:30:00-05:00,-14.040525923526502,-10.766576077999128
2022-02-18 15:30:00-05:00,-14.040525923526502,-10.766576077999128
2022-02-18 15:30:00-05:00,-14.040525923526502,-10.766576077999128
2022-02-18 15:30:00-05:00,-14.040525923526502,-10.766576077999128
2022-02-18 15:30:00-05:00,-14.040525923526502,-10.766576077999128
2022-02-22 10:25:01-05:00,-14.404992252317243,-12.067389969302393
2022-02-22 11:25:01-05:00,-17.506034879569484,-13.336450184589507
2022-02-22 12:25:01-05:00,-21.00788655632016,-15.170236178951585
2022-02-22 13:25:00-05:00,-22.187962491960775,-16.553257736959406
2022-02-22 14:24:57-05:00,-23.227327713637237,-17.92557064844621
2022-02-22 15:25:01-05:00,-21.16050994321097,-18.24871348553195
2022-02-23 10:25:01-05:00,-22.80560401876437,-19.75136941699616
2022-02-23 11:25:01-05:00,-24.5562341839219,-20.811118112042728
2022-02-23 12:25:01-05:00,-23.579665067695714,-21.25474569250417
2022-02-23 13:25:01-05:00,-25.59689366875739,-22.377809634269756
2022-02-23 14:25:01-05:00,-26.679697658895975,-23.35504046817896
2022-02-23 15:25:00-05:00,-27.91587468225157,-24.383439041116013
2022-02-24 10:25:01-05:00,-28.741432641500523,-25.93174311001186
2022-02-24 11:25:01-05:00,-28.590004275449132,-26.586089198947683
2022-02-24 12:25:01-05:00,-29.833765053523848,-27.4639272322205
2022-02-24 13:25:00-05:00,-28.429717895893646,-27.505437103234943
2022-02-24 14:25:01-05:00,-27.29121711638595,-27.494976325347466
2022-02-24 15:25:01-05:00,-22.42190976815391,-26.05160522055933
2022-02-25 10:25:03-05:00,-16.161948372841948,-22.7541679920869
2022-02-25 11:25:02-05:00,-12.584033272276315,-20.585696159284613
2022-02-25 12:25:02-05:00,-10.756001564925668,-18.677551082386476
2022-02-25 13:25:02-05:00,-9.574476700568198,-16.887187585120838
2022-02-25 14:25:03-05:00,-7.173307683688904,-14.789512811970072
2022-02-25 15:25:01-05:00,-5.854182824620125,-13.014692214484123
2022-02-28 10:25:02-05:00,2.352750052445458,-8.022129075990572
2022-02-28 11:25:02-05:00,8.300982138210315,-4.4014025969200565
2022-02-28 12:25:01-05:00,10.29192370981309,-1.5756153815358993
2022-02-28 13:25:01-05:00,12.390811559703366,1.2754784619370347
2022-02-28 14:25:02-05:00,12.950371053862114,3.613503128359629
2022-02-28 15:25:03-05:00,14.769899553940718,5.995937051716899
2022-03-01 10:25:03-05:00,19.01672624240439,10.488075961250857
2022-03-01 11:25:04-05:00,17.912003425067837,11.743030008982373
2022-03-01 12:25:02-05:00,16.90068041710856,12.630304495710867
2022-03-01 13:25:04-05:00,16.164073039636378,13.310760642737238
2022-03-01 14:25:03-05:00,15.700415922803813,13.74949858159599
2022-03-01 15:25:04-05:00,15.090471164446285,14.00303283940971
2022-03-02 10:25:00-05:00,11.751211771811313,13.351366125179911
2022-03-02 11:25:02-05:00,11.301771729740835,13.125631015653552
2022-03-02 12:25:01-05:00,9.42191523514964,12.320431133983353
2022-03-02 13:25:01-05:00,10.118761559795303,12.04981152740785
2022-03-02 14:24:53-05:00,10.549010922517482,11.827847223694288
2022-03-02 15:25:01-05:00,11.030854936463811,11.730508497779425
2022-03-04 10:25:00-05:00,0.5233021298104177,4.541539285869902
2022-03-04 11:25:02-05:00,-2.150191939999445,2.9669796313080896
2022-03-04 12:25:00-05:00,-2.300752325506892,2.0055873632121686
2022-03-04 13:24:59-05:00,-1.736499411033833,1.3626356113841163
2022-03-04 14:24:59-05:00,-2.1730671709318585,0.6554855832293551
2022-03-04 15:25:02-05:00,-3.701680246377464,-0.34309093900101545
2022-03-07 10:25:03-05:00,-2.8620319997272645,-1.1775348740707
2022-03-07 11:25:03-05:00,-3.253801907599268,-1.7303984013822182
2022-03-07 12:24:58-05:00,-4.780952457617104,-2.501093520424513
2022-03-07 13:25:02-05:00,-6.65836383557064,-3.4564902759338536
2022-03-07 14:25:03-05:00,-7.616851892563773,-4.310739090509517
2022-03-07 15:25:01-05:00,-9.35962671441996,-5.418989962390435
2022-03-08 10:03:04-05:00,-11.846918576749317,-7.579775659994924
2022-03-08 11:03:03-05:00,-9.265440636857647,-7.517228949858334
2022-03-08 12:03:03-05:00,-8.01655837884823,-7.669942528590553
2022-03-08 13:03:01-05:00,-3.9053101477742302,-6.470465250092822
2022-03-08 14:03:04-05:00,-5.82386469773428,-6.808395476088517
2022-03-08 15:03:05-05:00,-2.8041801579345247,-5.633201368990254
2022-03-01 09:30:00-05:00,17.27997373290384,8.32270943130608
2022-03-01 10:30:00-05:00,17.41714911868189,10.141597368781245
2022-03-01 11:30:00-05:00,17.213655322622003,11.556008959549397
2022-03-01 12:30:00-05:00,16.49110622970693,12.543028413580902
2022-03-01 13:30:00-05:00,16.098044287038306,13.254031588272383
2022-03-01 14:30:00-05:00,15.418769718686576,13.686979214355222
2022-03-01 15:30:00-05:00,14.776275758306838,13.904838523145546
2022-03-02 09:30:00-05:00,13.724790813648156,13.868828981246068
2022-03-02 10:30:00-05:00,12.522007600538927,13.59946470510464
2022-03-02 11:30:00-05:00,10.805960130299354,13.040763790143584
2022-03-02 12:30:00-05:00,10.509786445978987,12.534568321310667
2022-03-02 13:30:00-05:00,10.618652729846076,12.15138520301775
2022-03-02 14:30:00-05:00,11.040428248329818,11.929193812080165
2022-03-02 15:30:00-05:00,11.61720217522361,11.866795484708854
2022-03-03 09:30:00-05:00,10.589349215219729,11.611306230811028
2022-03-03 10:30:00-05:00,9.140070319201072,11.117059048489038
2022-03-03 11:30:00-05:00,7.58693136591387,10.411033511974004
2022-03-03 12:30:00-05:00,6.657755100220811,9.660377829623366
2022-03-03 13:30:00-05:00,5.450629389890764,8.818428141676847
2022-03-03 14:30:00-05:00,3.6845456614531713,7.791651645632112
2022-03-03 15:30:00-05:00,1.9988149452035489,6.6330843055464
2022-03-04 09:30:00-05:00,0.9511952378065872,5.496706491998438
2022-03-04 10:30:00-05:00,-0.7147788076023289,4.254409432078285
2022-03-04 11:30:00-05:00,-1.5675524320436125,3.090017059253906
2022-03-04 12:30:00-05:00,-1.4883037115380375,2.174352905095517
2022-03-04 13:30:00-05:00,-1.9241788014129495,1.354646563793824
2022-03-04 14:30:00-05:00,-2.83964838312761,0.5157875744095372
2022-03-04 15:30:00-05:00,-3.1145063070100605,-0.2102712018743824
2022-03-07 09:30:00-05:00,-3.395450883698913,-0.8473071382392887
2022-03-07 10:30:00-05:00,-3.42404448339164,-1.362654607269759
2022-03-07 11:30:00-05:00,-4.153176571035942,-1.920759000022996
2022-03-07 12:30:00-05:00,-5.592886174862201,-2.655184434990837
2022-03-07 13:30:00-05:00,-6.741685399914786,-3.4724846279756267
2022-03-07 14:30:00-05:00,-8.038759797775583,-4.385739661935618
2022-03-07 15:30:00-05:00,-9.505825548270424,-5.409756839202579
2022-03-08 09:30:00-05:00,-10.386564880907372,-6.405118447543538
2022-03-08 10:30:00-05:00,-10.386272959161374,-7.201349349867106
2022-03-08 11:30:00-05:00,-8.310077075735649,-7.423094895040815
2022-03-08 12:30:00-05:00,-6.625418186860884,-7.263559553404829
2022-03-08 13:30:00-05:00,-5.5212051793809,-6.9150886786000445
2022-03-08 14:30:00-05:00,-4.927396782275764,-6.5175502993351895
2022-03-08 15:30:00-05:00,-4.868686702133573,-6.187777579894867
2022-03-09 09:30:00-05:00,-2.490502025261776,-5.448322468968249
2022-03-09 10:30:00-05:00,-0.567767590993185,-4.472211493373237
2022-03-09 11:30:00-05:00,0.6778840425726003,-3.442192386184069
2022-03-09 12:30:00-05:00,1.8901893893878423,-2.3757160310696874
2022-03-09 13:30:00-05:00,2.799720249665029,-1.3406287749227443
2022-03-09 14:30:00-05:00,3.9841806254647736,-0.2756668948452407
2022-03-09 15:30:00-05:00,4.867561640598183,0.752978812243444
2022-03-09 16:00:00-05:00,5.50738761599689,1.7038605729941332
2022-03-01 10:30:00-05:00,17.41714911868189,10.141597368781245
2022-03-01 11:30:00-05:00,17.213655322622003,11.556008959549397
2022-03-01 12:30:00-05:00,16.49110622970693,12.543028413580902
2022-03-01 13:30:00-05:00,16.098044287038306,13.254031588272383
2022-03-01 14:30:00-05:00,15.418769718686576,13.686979214355222
2022-03-01 15:30:00-05:00,14.776275758306838,13.904838523145546
2022-03-02 09:30:00-05:00,13.724790813648156,13.868828981246068
2022-03-02 10:30:00-05:00,12.522007600538927,13.59946470510464
2022-03-02 11:30:00-05:00,10.805960130299354,13.040763790143584
2022-03-02 12:30:00-05:00,10.509786445978987,12.534568321310667
2022-03-02 13:30:00-05:00,10.618652729846076,12.15138520301775
2022-03-02 14:30:00-05:00,11.040428248329818,11.929193812080165
2022-03-02 15:30:00-05:00,11.61720217522361,11.866795484708854
2022-03-03 09:30:00-05:00,10.589349215219729,11.611306230811028
2022-03-03 10:30:00-05:00,9.140070319201072,11.117059048489038
2022-03-03 11:30:00-05:00,7.58693136591387,10.411033511974004
2022-03-03 12:30:00-05:00,6.657755100220811,9.660377829623366
2022-03-03 13:30:00-05:00,5.450629389890764,8.818428141676847
2022-03-03 14:30:00-05:00,3.6845456614531713,7.791651645632112
2022-03-03 15:30:00-05:00,1.9988149452035489,6.6330843055464
2022-03-04 09:30:00-05:00,0.9511952378065872,5.496706491998438
2022-03-04 10:30:00-05:00,-0.7147788076023289,4.254409432078285
2022-03-04 11:30:00-05:00,-1.5675524320436125,3.090017059253906
2022-03-04 12:30:00-05:00,-1.4883037115380375,2.174352905095517
2022-03-04 13:30:00-05:00,-1.9241788014129495,1.354646563793824
2022-03-04 14:30:00-05:00,-2.83964838312761,0.5157875744095372
2022-03-04 15:30:00-05:00,-3.1145063070100605,-0.2102712018743824
2022-03-07 09:30:00-05:00,-3.395450883698913,-0.8473071382392887
2022-03-07 10:30:00-05:00,-3.42404448339164,-1.362654607269759
2022-03-07 11:30:00-05:00,-4.153176571035942,-1.920759000022996
2022-03-07 12:30:00-05:00,-5.592886174862201,-2.655184434990837
2022-03-07 13:30:00-05:00,-6.741685399914786,-3.4724846279756267
2022-03-07 14:30:00-05:00,-8.038759797775583,-4.385739661935618
2022-03-07 15:30:00-05:00,-9.505825548270424,-5.409756839202579
2022-03-08 09:30:00-05:00,-10.386564880907372,-6.405118447543538
2022-03-08 10:30:00-05:00,-10.386272959161374,-7.201349349867106
2022-03-08 11:30:00-05:00,-8.310077075735649,-7.423094895040815
2022-03-08 12:30:00-05:00,-6.625418186860884,-7.263559553404829
2022-03-08 13:30:00-05:00,-5.5212051793809,-6.9150886786000445
2022-03-08 14:30:00-05:00,-4.927396782275764,-6.5175502993351895
2022-03-08 15:30:00-05:00,-4.868686702133573,-6.187777579894867
2022-03-09 09:30:00-05:00,-2.490502025261776,-5.448322468968249
2022-03-09 10:30:00-05:00,-0.567767590993185,-4.472211493373237
2022-03-09 11:30:00-05:00,0.6778840425726003,-3.442192386184069
2022-03-09 12:30:00-05:00,1.8901893893878423,-2.3757160310696874
2022-03-09 13:30:00-05:00,2.799720249665029,-1.3406287749227443
2022-03-09 14:30:00-05:00,3.9841806254647736,-0.2756668948452407
2022-03-09 15:30:00-05:00,4.867561640598183,0.752978812243444
2022-03-09 16:00:00-05:00,5.50738761599689,1.7038605729941332
2022-03-10 16:00:00-05:00,-1.1665947930669065,-0.8628095244625584
2022-03-02 09:30:00-05:00,13.724790813655773,13.868828981257224
2022-03-02 10:30:00-05:00,12.522007600545976,13.599464705114976
2022-03-02 11:30:00-05:00,10.805960130305834,13.040763790153148
2022-03-02 12:30:00-05:00,10.509786445985014,12.534568321319522
2022-03-02 13:30:00-05:00,10.618652729851648,12.15138520302595
2022-03-02 14:30:00-05:00,11.040428248335049,11.929193812087773
2022-03-02 15:30:00-05:00,11.617202175228384,11.866795484715894
2022-03-03 09:30:00-05:00,10.589349215224049,11.611306230817526
2022-03-03 10:30:00-05:00,9.140070319205051,11.117059048495031
2022-03-03 11:30:00-05:00,7.586931365917621,10.41103351197955
2022-03-03 12:30:00-05:00,6.657755100224222,9.660377829628484
2022-03-03 13:30:00-05:00,5.450629389893948,8.818428141681578
2022-03-03 14:30:00-05:00,3.684545661456127,7.791651645636488
2022-03-03 15:30:00-05:00,1.998814945206277,6.633084305550446
2022-03-04 09:30:00-05:00,0.9511952378090882,5.496706492002175
2022-03-04 10:30:00-05:00,-0.7147788076000552,4.2544094320817285
2022-03-04 11:30:00-05:00,-1.567552432041566,3.09001705925707
2022-03-04 12:30:00-05:00,-1.4883037115361049,2.174352905098435
2022-03-04 13:30:00-05:00,-1.9241788014111307,1.3546465637965222
2022-03-04 14:30:00-05:00,-2.8396483831259047,0.5157875744120367
2022-03-04 15:30:00-05:00,-3.114506307008469,-0.2102712018720643
2022-03-07 09:30:00-05:00,-3.3954508836974355,-0.8473071382371387
2022-03-07 10:30:00-05:00,-3.424044483390276,-1.3626546072677663
2022-03-07 11:30:00-05:00,-4.153176571034692,-1.9207590000211516
2022-03-07 12:30:00-05:00,-5.592886174860951,-2.655184434989112
2022-03-07 13:30:00-05:00,-6.741685399913649,-3.472484627974019
2022-03-07 14:30:00-05:00,-8.038759797774446,-4.385739661934105
2022-03-07 15:30:00-05:00,-9.5058255482694,-5.409756839201164
2022-03-08 09:30:00-05:00,-10.386564880906462,-6.405118447542224
2022-03-08 10:30:00-05:00,-10.386272959160465,-7.201349349865872
2022-03-08 11:30:00-05:00,-8.310077075734853,-7.423094895039668
2022-03-08 12:30:00-05:00,-6.625418186860202,-7.263559553403775
2022-03-08 13:30:00-05:00,-5.5212051793802175,-6.915088678599064
2022-03-08 14:30:00-05:00,-4.927396782275196,-6.517550299334291
2022-03-08 15:30:00-05:00,-4.868686702133118,-6.187777579894057
2022-03-09 09:30:00-05:00,-2.4905020252613213,-5.44832246896751
2022-03-09 10:30:00-05:00,-0.5677675909928439,-4.472211493372577
2022-03-09 11:30:00-05:00,0.6778840425729413,-3.442192386183474
2022-03-09 12:30:00-05:00,1.8901893893881836,-2.3757160310691425
2022-03-09 13:30:00-05:00,2.79972024966537,-1.3406287749222403
2022-03-09 14:30:00-05:00,3.984180625465114,-0.2756668948447693
2022-03-09 15:30:00-05:00,4.867561640598524,0.7529788122438893
2022-03-10 09:30:00-05:00,3.5832318834917487,1.3190294264934612
2022-03-10 10:30:00-05:00,1.2043995645702807,1.2961034541088252
2022-03-10 11:30:00-05:00,-0.3097025867184584,0.9749422459433686
2022-03-10 12:30:00-05:00,-2.1840630189871035,0.3431411929572743
2022-03-10 13:30:00-05:00,-2.353721905430575,-0.1962314267202956
2022-03-10 14:30:00-05:00,-2.1311570447029453,-0.5832165503168256
2022-03-10 15:30:00-05:00,-1.6014498352900546,-0.7868632073114714
2022-03-10 16:00:00-05:00,-1.1665947930669065,-0.8628095244625584
2022-03-09 13:30:00-05:00,2.79972024966537,-1.3406287749222403
2022-03-09 14:30:00-05:00,3.984180625465114,-0.2756668948447693
2022-03-09 15:30:00-05:00,4.867561640598524,0.7529788122438893
2022-03-10 09:30:00-05:00,3.5832318834917487,1.3190294264934612
2022-03-10 10:30:00-05:00,1.2043995645702807,1.2961034541088252
2022-03-10 11:30:00-05:00,-0.3097025867184584,0.9749422459433686
2022-03-10 12:30:00-05:00,-2.1840630189871035,0.3431411929572743
2022-03-10 13:30:00-05:00,-2.353721905430575,-0.1962314267202956
2022-03-10 12:30:00-05:00,-2.1840630189871035,0.3431411929572743
2022-03-10 13:30:00-05:00,-2.353721905430575,-0.1962314267202956
2022-03-10 14:30:00-05:00,-2.1311570447029453,-0.5832165503168256
2022-03-10 15:30:00-05:00,-1.6014498352900546,-0.7868632073114714
2022-03-11 09:30:00-05:00,-2.8098976888112475,-1.1914701036114268
2022-03-11 10:30:00-05:00,-4.813556528004369,-1.9158873884900156
2022-03-11 11:30:00-05:00,-6.830142792633637,-2.89873846931874
2022-03-11 12:30:00-05:00,-7.708220431413906,-3.8606348617377737
2022-03-11 12:30:00-05:00,-7.708220431413792,-3.860634861737583
2022-03-11 13:30:00-05:00,-8.701961228337382,-4.828900135057543
2022-03-11 14:30:00-05:00,-9.81931823627906,-5.826983755301846
2022-03-11 15:30:00-05:00,-10.56768244106388,-6.775123492454254
2022-03-14 09:30:00-04:00,-11.532153741780576,-7.726529542319518
2022-03-14 10:30:00-04:00,-12.883095572474872,-8.75784274835059
2022-03-14 11:30:00-04:00,-14.288099996382812,-9.863894197957034
2022-03-14 12:30:00-04:00,-16.323553772945502,-11.155826112954728
2022-03-14 13:30:00-04:00,-17.4879279027366,-12.422246470911102
2022-03-14 14:30:00-04:00,-18.08761435177621,-13.555320047084123
2022-03-14 15:30:00-04:00,-18.23246788316169,-14.490749614299638
2022-03-14 16:00:00-04:00,-18.11026142501953,-15.214651976443616
2022-03-14 12:30:00-04:00,-16.323553772945615,-11.15582611295496
2022-03-14 13:30:00-04:00,-17.487927902736715,-12.42224647091131
2022-03-14 14:30:00-04:00,-18.087614351776324,-13.555320047084312
2022-03-14 15:30:00-04:00,-18.232467883161803,-14.490749614299812
2022-03-15 09:30:00-04:00,-16.76769595916312,-14.946138883272477
2022-03-15 10:30:00-04:00,-14.178172147601458,-14.792545536138272
2022-03-15 11:30:00-04:00,-12.483953207151217,-14.33082707034086
2022-03-15 12:30:00-04:00,-11.37142086104393,-13.738945828481476
2022-03-15 13:30:00-04:00,-9.928035198120256,-12.976763702409231
2022-03-15 14:30:00-04:00,-8.103776426166291,-12.002166247160645
2022-03-15 15:30:00-04:00,-6.535893957483609,-10.90891178922524
2022-03-15 16:00:00-04:00,-5.208283739938679,-9.768786179367927
2022-03-15 12:30:00-04:00,-11.371420861043816,-13.738945828481205
2022-03-15 13:30:00-04:00,-9.928035198120256,-12.976763702409016
2022-03-15 14:30:00-04:00,-8.103776426166291,-12.00216624716047
2022-03-15 15:30:00-04:00,-6.535893957483609,-10.908911789225098
2022-03-16 09:30:00-04:00,-2.524355426859984,-9.232000516752075
2022-03-16 10:30:00-04:00,0.7450791686374032,-7.23658457967418
2022-03-16 11:30:00-04:00,3.0935441788129765,-5.17055882797675
2022-03-16 12:30:00-04:00,4.050618803515363,-3.326323301678328
2022-03-16 13:30:00-04:00,3.678986357426538,-1.9252613698573544
2022-03-16 14:30:00-04:00,5.4359201600144615,-0.4530250638829913
2022-03-16 15:30:00-04:00,7.096700407948106,1.0569200304832282
2022-03-16 16:00:00-04:00,8.285096655686743,2.5025553555239317
2022-03-16 12:30:00-04:00,4.0506188035158175,-3.326323301677764
2022-03-16 13:30:00-04:00,3.678986357426993,-1.9252613698568128
2022-03-16 14:30:00-04:00,5.435920160014803,-0.4530250638824897
2022-03-16 15:30:00-04:00,7.096700407948447,1.0569200304836976
2022-03-17 09:30:00-04:00,9.113140971036046,2.668164218594168
2022-03-17 10:30:00-04:00,10.42079220508856,4.218689815893047
2022-03-17 11:30:00-04:00,11.937601802213749,5.762472213157187
2022-03-17 12:30:00-04:00,13.57517167948572,7.325012106422894
2022-03-17 13:30:00-04:00,15.07949533133035,8.875908751404385
2022-03-17 14:30:00-04:00,16.189154612520042,10.338557923627516
2022-03-17 15:30:00-04:00,17.067899566363167,11.684426252174648
2022-03-17 16:00:00-04:00,17.535542829969472,12.854649567733611
2022-03-17 12:30:00-04:00,13.57517167948572,7.325012106422894
2022-03-17 13:30:00-04:00,15.07949533133035,8.875908751404385
2022-03-17 14:30:00-04:00,16.189154612520042,10.338557923627516
2022-03-17 15:30:00-04:00,17.067899566363167,11.684426252174648
2022-03-18 09:30:00-04:00,19.52106619513154,13.251754240766028
2022-03-18 10:30:00-04:00,20.98208767818744,14.797820928250312
2022-03-18 11:30:00-04:00,22.223891977562744,16.2830351381128
2022-03-18 12:30:00-04:00,23.115010208855097,17.64943015226126
2022-03-18 13:30:00-04:00,23.30690491292728,18.780925104394463
2022-03-18 14:30:00-04:00,23.612838061919547,19.74730769589948
2022-03-18 15:30:00-04:00,23.84589036241869,20.567024229203323
2022-03-18 16:00:00-04:00,23.756733157824897,21.20496601492764
2022-03-18 12:30:00-04:00,23.1150102088543,17.649430152260045
2022-03-18 13:30:00-04:00,23.306904912926484,18.780925104393333
2022-03-18 14:30:00-04:00,23.612838061918865,19.74730769589844
2022-03-18 15:30:00-04:00,23.84589036241812,20.56702422920237
2022-03-21 09:30:00-04:00,24.18909646689667,21.29143867674124
2022-03-21 10:30:00-04:00,25.74242429111746,22.18163579961648
2022-03-21 11:30:00-04:00,26.367161079434823,23.01874085558015
2022-03-21 12:30:00-04:00,25.38429470937831,23.491851626339784
2022-03-21 13:30:00-04:00,25.4038823247364,23.87425776601911
2022-03-21 14:30:00-04:00,25.02482533489353,24.104371279793995
2022-03-21 15:30:00-04:00,24.22129069916673,24.127755163668542
2022-03-21 16:00:00-04:00,23.29936002641125,23.962076136217085
2022-03-21 12:30:00-04:00,25.38429470937785,23.491851626339063
2022-03-21 13:30:00-04:00,25.403882324735942,23.87425776601844
2022-03-21 14:30:00-04:00,25.02482533489308,24.10437127979337
2022-03-21 15:30:00-04:00,24.221290699166275,24.127755163667956
2022-03-22 09:30:00-04:00,24.725685202247742,24.247341171383912
2022-03-22 10:30:00-04:00,25.397204314714717,24.477313800050077
2022-03-22 11:30:00-04:00,25.194648512090566,24.620780742458173
2022-03-22 12:30:00-04:00,25.7045004019908,24.8375246743647
2022-03-22 13:30:00-04:00,27.74230716656234,25.41848117280423
2022-03-22 14:30:00-04:00,29.98584027717573,26.33195299367853
2022-03-22 15:30:00-04:00,31.83158491908455,27.43187937875974
2022-03-22 16:00:00-04:00,32.898972654274644,28.52529803386272
2022-03-21 13:30:00-04:00,25.403882324735942,23.87425776601844
2022-03-21 14:30:00-04:00,25.02482533489308,24.10437127979337
2022-03-21 15:30:00-04:00,24.221290699166275,24.127755163667956
2022-03-22 09:30:00-04:00,24.725685202247742,24.247341171383912
2022-03-22 10:30:00-04:00,25.397204314714717,24.477313800050077
2022-03-22 11:30:00-04:00,25.194648512090566,24.620780742458173
2022-03-22 12:30:00-04:00,25.7045004019908,24.8375246743647
2022-03-22 13:30:00-04:00,27.74230716656234,25.41848117280423
2022-03-22 14:30:00-04:00,29.98584027717573,26.33195299367853
2022-03-22 15:30:00-04:00,31.83158491908455,27.43187937875974
2022-03-22 16:00:00-04:00,32.898972654274644,28.52529803386272
2022-03-23 16:00:00-04:00,31.539898186383084,33.7904709756649
2022-03-23 13:30:00-04:00,36.768088703515104,34.47371222597305
2022-03-23 14:30:00-04:00,35.15641229187929,34.610252239154306
2022-03-23 15:30:00-04:00,33.32456190830953,34.35311417298536
2022-03-24 09:30:00-04:00,31.067648837424716,33.69602110587323
2022-03-24 10:30:00-04:00,30.42228275057687,33.04127343481396
2022-03-24 11:30:00-04:00,28.890764237058647,32.2111715952629
2022-03-24 12:30:00-04:00,27.67831964871243,31.304601205952807
2022-03-24 13:30:00-04:00,26.53462086020818,30.35060513680388
2022-03-24 14:30:00-04:00,25.83165059142732,29.446814227728574
2022-03-24 15:30:00-04:00,24.892684026837514,28.53598818755037
2022-03-24 16:00:00-04:00,23.8893045408754,27.60665145821537
2022-03-24 16:00:00-04:00,23.8893045408754,27.60665145821537
2022-03-24 13:30:00-04:00,26.53462086020818,30.35060513680388
2022-03-24 14:30:00-04:00,25.83165059142732,29.446814227728574
2022-03-24 15:30:00-04:00,24.892684026837514,28.53598818755037
2022-03-25 09:30:00-04:00,23.378766151674995,27.504543780375293
2022-03-25 10:30:00-04:00,21.43450825625621,26.29053667555148
2022-03-25 11:30:00-04:00,20.029446214857785,25.03831858341274
2022-03-25 12:30:00-04:00,18.487845396454304,23.728223946021053
2022-03-25 13:30:00-04:00,17.33690665778829,22.4499604883745
2022-03-25 14:30:00-04:00,15.67041925439105,21.09405224157781
2022-03-25 15:30:00-04:00,15.10037624095105,19.895317041452454
2022-03-25 16:00:00-04:00,14.457746634504131,18.807802960062794
2022-03-25 16:00:00-04:00,14.457746634504131,18.807802960062794
2022-03-25 13:30:00-04:00,17.336906657788518,22.449960488374835
2022-03-25 14:30:00-04:00,15.670419254391277,21.09405224157812
2022-03-25 15:30:00-04:00,15.100376240951276,19.89531704145276
2022-03-28 09:30:00-04:00,19.374382696648127,19.791130172491837
2022-03-28 10:30:00-04:00,23.775448697802062,20.58799387755388
2022-03-28 11:30:00-04:00,25.95867504901605,21.662130111846317
2022-03-28 12:30:00-04:00,28.57272087650972,23.044248264779
2022-03-28 13:30:00-04:00,30.43475830392697,24.522350272608595
2022-03-28 14:30:00-04:00,31.504493406613165,25.91877889940951
2022-03-28 15:30:00-04:00,31.99156438663385,27.13333599685438
2022-03-28 16:00:00-04:00,31.98545945275669,28.103760688034843
2022-03-28 16:00:00-04:00,31.98545945275669,28.103760688034843
2022-03-28 11:30:00-04:00,25.95867504901605,21.662130111846377
2022-03-28 12:30:00-04:00,28.57272087650972,23.044248264779046
2022-03-28 13:30:00-04:00,30.43475830392697,24.522350272608637
2022-03-28 14:30:00-04:00,31.504493406613165,25.918778899409546
2022-03-28 15:30:00-04:00,31.99156438663385,27.13333599685441
2022-03-29 09:30:00-04:00,31.49167495311258,28.005003788106045
2022-03-29 10:30:00-04:00,31.71037691767947,28.74607841402073
2022-03-29 11:30:00-04:00,31.48924051434324,29.294710834085237
2022-03-29 12:30:00-04:00,30.685108235123607,29.57279031429291
2022-03-29 13:30:00-04:00,30.122608643668173,29.682753980167963
2022-03-29 14:30:00-04:00,29.400850803461708,29.626373344826717
2022-03-29 15:30:00-04:00,28.485643714638627,29.398227418789094
2022-03-30 09:30:00-04:00,28.318121476647548,29.182206230360787
2022-03-30 10:30:00-04:00,26.865936069477584,28.718952198184148
2022-03-30 11:30:00-04:00,25.866287229111776,28.148419204369677
2022-03-30 12:30:00-04:00,24.9210597931658,27.5029473221289
2022-03-30 13:30:00-04:00,22.98757953899485,26.59987376550209
2022-03-30 14:30:00-04:00,20.70023460552829,25.419945933507336
2022-03-30 15:30:00-04:00,19.17322613027773,24.170601972861416
2022-03-30 16:00:00-04:00,17.758353665277582,22.88815231134465
2022-03-30 16:00:00-04:00,17.758353665277582,22.88815231134465
2022-03-30 10:30:00-04:00,26.865936069476675,28.71895219818296
2022-03-30 11:30:00-04:00,25.866287229110867,28.14841920436854
2022-03-30 12:30:00-04:00,24.921059793164886,27.50294732212781
2022-03-30 13:30:00-04:00,22.98757953899394,26.59987376550104
2022-03-30 14:30:00-04:00,20.700234605527385,25.41994593350631
2022-03-30 15:30:00-04:00,19.173226130277044,24.17060197286046
2022-03-31 09:30:00-04:00,17.732830884383247,22.88304775516502
2022-03-31 10:30:00-04:00,16.56798942542082,21.620036089216185
2022-03-31 11:30:00-04:00,15.32552275783496,20.36113342293994
2022-03-31 12:30:00-04:00,13.887058841100725,19.06631850657209
2022-03-31 13:30:00-04:00,12.654452415359856,17.783945288329647
2022-03-31 14:30:00-04:00,11.242984047688424,16.475753040201404
2022-03-31 15:30:00-04:00,9.241600570247783,15.02892254621068
2022-04-01 09:30:00-04:00,8.067621695206071,13.63666237600976
2022-04-01 10:30:00-04:00,7.256117928970752,12.360553486601958
2022-04-01 11:30:00-04:00,6.206801468164258,11.12980308291442
2022-04-01 12:30:00-04:00,4.9396140400106106,9.891765274333656
2022-04-01 13:30:00-04:00,4.36116869725106,8.785645958917138
2022-04-01 14:30:00-04:00,3.238440233083565,7.676204813750424
2022-04-01 15:30:00-04:00,3.0318778257196755,6.747339416144275
2022-04-01 16:00:00-04:00,2.837875629183827,5.965446658752186
2022-04-01 16:00:00-04:00,2.837875629183827,5.965446658752186
2022-04-01 12:30:00-04:00,4.9396140400106106,9.891765274333768
2022-04-01 13:30:00-04:00,4.36116869725106,8.785645958917227
2022-04-01 14:30:00-04:00,3.238440233083565,7.676204813750495
2022-04-01 15:30:00-04:00,3.0318778257196755,6.747339416144332
2022-04-04 09:30:00-04:00,4.7053427432329045,6.338940081562047
2022-04-04 10:30:00-04:00,7.987455615204226,6.668643188290483
2022-04-04 11:30:00-04:00,10.3940057246773,7.413715695567847
2022-04-04 12:30:00-04:00,13.097426095546552,8.550457775563588
2022-04-04 13:30:00-04:00,15.226194956695052,9.885605211789882
2022-04-04 14:30:00-04:00,16.30829525260401,11.170143219952708
2022-04-04 15:30:00-04:00,17.33001796998883,12.402118169959934
2022-04-04 16:00:00-04:00,17.925833395810287,13.506861215130003
2022-04-04 16:00:00-04:00,17.925833395810287,13.506861215130003
2022-04-04 12:30:00-04:00,13.097426095547462,8.550457775564876
2022-04-04 13:30:00-04:00,15.226194956695736,9.885605211791049
2022-04-04 14:30:00-04:00,16.308295252604694,11.170143219953776
2022-04-04 15:30:00-04:00,17.330017969989512,12.402118169960923
2022-04-05 09:30:00-04:00,16.442074659610853,13.210109467890913
2022-04-05 10:30:00-04:00,14.693493390668207,13.506786252446371
2022-04-05 11:30:00-04:00,11.385138817065808,13.08245676537026
2022-04-05 12:30:00-04:00,9.392096681534897,12.344384748603188
2022-04-05 13:30:00-04:00,7.72874450312429,11.42125669950741
2022-04-05 14:30:00-04:00,5.37462677329745,10.211930714265415
2022-04-05 15:30:00-04:00,3.487329252868676,8.86701042198607
2022-04-05 16:00:00-04:00,1.9769109659077917,7.4889905307704145
2022-04-05 16:00:00-04:00,1.9769109659077917,7.4889905307704145
2022-04-05 12:30:00-04:00,9.392096681534897,12.344384748603188
2022-04-05 13:30:00-04:00,7.72874450312429,11.42125669950741
2022-04-05 14:30:00-04:00,5.37462677329745,10.211930714265415
2022-04-05 15:30:00-04:00,3.487329252868676,8.86701042198607
2022-04-06 09:30:00-04:00,-2.1544881615848226,6.662710705271891
2022-04-06 10:30:00-04:00,-6.3028714092261,4.069594282372293
2022-04-06 11:30:00-04:00,-10.236640888291504,1.2083472482395337
2022-04-06 12:30:00-04:00,-13.13020031734004,-1.6593622648763815
2022-04-06 13:30:00-04:00,-14.767372667323116,-4.280964345365729
2022-04-06 14:30:00-04:00,-15.35406714323426,-6.495584904939436
2022-04-06 15:30:00-04:00,-15.726110761350585,-8.341690076221667
2022-04-06 16:00:00-04:00,-15.820835468612811,-9.837519154699898
2022-04-06 16:00:00-04:00,-15.820835468612811,-9.837519154699898
2022-04-06 13:30:00-04:00,-14.767372667322888,-4.28096434536549
2022-04-06 14:30:00-04:00,-15.354067143234031,-6.495584904939198
2022-04-06 15:30:00-04:00,-15.726110761350355,-8.34169007622143
2022-04-07 09:30:00-04:00,-14.301971953655311,-9.533746451708208
2022-04-07 10:30:00-04:00,-15.126671012791348,-10.652331363924835
2022-04-07 11:30:00-04:00,-15.927112582036443,-11.70728760754716
2022-04-07 12:30:00-04:00,-15.702899376361302,-12.50640996130999
2022-04-07 13:30:00-04:00,-14.970018392999918,-12.999131647647976
2022-04-07 14:30:00-04:00,-13.461401883661892,-13.09158569485076
2022-04-07 15:30:00-04:00,-12.12922509205896,-12.8991135742924
2022-04-08 09:30:00-04:00,-12.96909307390638,-12.913109474215196
2022-04-08 10:30:00-04:00,-13.26113789689407,-12.98271515875097
2022-04-08 11:30:00-04:00,-12.61928788500768,-12.910029704002312
2022-04-08 12:30:00-04:00,-12.812382763134336,-12.890500315828715
2022-04-06 13:30:00-04:00,-14.767372667323116,-4.280964345365729
2022-04-06 14:30:00-04:00,-15.35406714323426,-6.495584904939436
2022-04-06 15:30:00-04:00,-15.726110761350585,-8.341690076221667
2022-04-06 16:00:00-04:00,-15.820835468612811,-9.837519154699898
2022-04-06 16:00:00-04:00,-15.820835468612811,-9.837519154699898
2022-04-06 13:30:00-04:00,-14.767372667322888,-4.28096434536549
2022-04-06 14:30:00-04:00,-15.354067143234031,-6.495584904939198
2022-04-06 15:30:00-04:00,-15.726110761350355,-8.34169007622143
2022-04-07 09:30:00-04:00,-14.301971953655311,-9.533746451708208
2022-04-07 10:30:00-04:00,-15.126671012791348,-10.652331363924835
2022-04-07 11:30:00-04:00,-15.927112582036443,-11.70728760754716
2022-04-07 12:30:00-04:00,-15.702899376361302,-12.50640996130999
2022-04-07 13:30:00-04:00,-14.970018392999918,-12.999131647647976
2022-04-07 14:30:00-04:00,-13.461401883661892,-13.09158569485076
2022-04-06 13:30:00-04:00,-14.767372667323116,-4.280964345365729
2022-04-06 14:30:00-04:00,-15.35406714323426,-6.495584904939436
2022-04-06 15:30:00-04:00,-15.726110761350585,-8.341690076221667
2022-04-06 16:00:00-04:00,-15.820835468612811,-9.837519154699898
2022-04-06 16:00:00-04:00,-15.820835468612811,-9.837519154699898
2022-04-06 13:30:00-04:00,-14.767372667322888,-4.28096434536549
2022-04-06 14:30:00-04:00,-15.354067143234031,-6.495584904939198
2022-04-06 15:30:00-04:00,-15.726110761350355,-8.34169007622143
2022-04-07 09:30:00-04:00,-14.301971953655311,-9.533746451708208
2022-04-07 10:30:00-04:00,-15.126671012791348,-10.652331363924835
2022-04-07 11:30:00-04:00,-15.927112582036443,-11.70728760754716
2022-04-07 12:30:00-04:00,-15.702899376361302,-12.50640996130999
2022-04-07 13:30:00-04:00,-14.970018392999918,-12.999131647647976
2022-04-07 14:30:00-04:00,-13.461401883661892,-13.09158569485076
